Shop;DayOfYear;TimePeriod;pharm_ItemsSold;pharm_Revenue
47;18;17;45;139.29
47;19;17;54;170.43
47;22;17;64;172.61
47;28;17;21;71.54
47;16;17;36;121
47;26;17;21;51.67
47;24;17;36;122.77
47;4;17;34;88.97
47;10;17;53;132.95
47;14;17;32;74.04
47;15;17;60;159.08
47;31;17;36;133.66
47;1;17;12;38.89
47;8;17;44;171.54
47;11;17;33;92.87
47;17;17;43;161.83
47;23;17;34;93.48
47;25;17;42;150.34
47;30;17;44;152.88
47;27;17;36;109.93
47;9;17;37;107.56
47;21;17;33;89.31
47;29;17;46;144.36
47;12;17;59;187.92
47;5;17;41;146.59
47;13;17;27;93.79
47;28;18;24;74.58
47;30;18;42;113.78
47;4;18;46;146.08
47;8;18;37;79.25
47;10;18;59;207.8
47;14;18;23;49.42
47;31;18;29;84.06
47;22;18;56;176.93
47;1;18;30;96.09
47;15;18;71;200.17
47;19;18;36;116.56
47;24;18;18;50.23
47;27;18;21;64.68
47;21;18;34;93.76
47;5;18;31;125.91
47;13;18;26;103.3
47;23;18;32;77.78
47;25;18;25;59.22
47;26;18;21;59.96
47;12;18;29;94.14
47;29;18;40;143.79
47;9;18;53;94.65
47;16;18;33;75.58
47;18;18;35;117.42
47;21;16;44;150.39
47;29;16;30;96.92
47;13;16;29;91.57
47;26;16;58;160.53
47;15;16;44;147.42
47;4;16;25;69.86
47;5;16;33;105.25
47;8;16;35;85.61
47;9;16;24;57.86
47;12;16;17;59.92
47;18;16;30;80.03
47;23;16;41;116.42
47;25;16;34;94.36
47;30;16;33;76.2
47;31;16;16;57.03
47;16;16;18;38.37
47;3;16;32;112.13
47;10;16;40;139.39
47;14;16;39;116.03
47;17;16;36;71.8
47;19;16;31;108.29
47;22;16;32;82.66
47;1;16;9;26.36
47;11;16;31;95.86
47;24;16;22;81.29
47;28;16;28;85.16
47;1;13;18;65.48
47;4;13;32;83.48
47;11;13;34;74.73
47;19;13;29;108.31
47;23;13;56;162.48
47;28;13;31;66.74
47;3;13;40;80.74
47;10;13;39;112.27
47;14;13;28;50.08
47;17;13;28;96.57
47;24;13;9;26.93
47;25;13;29;86.81
47;30;13;48;115.64
47;31;13;21;63.56
47;15;13;28;86.37
47;22;13;34;113.96
47;26;13;24;62.3
47;18;13;21;70.46
47;9;13;43;111.43
47;8;13;32;68.44
47;12;13;40;147.63
47;16;13;22;62.12
47;5;13;15;34.77
47;13;13;33;86.85
47;21;13;24;60.04
47;29;13;64;158.08
47;18;12;23;59.62
47;21;12;38;106.97
47;26;12;52;170
47;19;12;32;81.77
47;31;12;27;78.04
47;16;12;28;53.95
47;8;12;25;60.78
47;4;12;15;33.57
47;17;12;29;77.71
47;22;12;43;141.14
47;25;12;53;175.84
47;30;12;43;120.43
47;3;12;38;94.65
47;11;12;43;124.83
47;14;12;20;37.91
47;23;12;17;41.74
47;24;12;29;110.11
47;28;12;36;121.82
47;1;12;14;37.17
47;9;12;48;143.57
47;13;12;35;115.64
47;15;12;28;86.16
47;29;12;39;94.29
47;12;12;25;77.63
47;5;12;22;90.42
47;30;19;34;86.61
47;18;19;34;94.7
47;5;19;33;88.25
47;9;19;20;61.85
47;13;19;24;71.37
47;21;19;25;75.88
47;23;19;31;81.89
47;25;19;54;151.26
47;26;19;20;53.24
47;29;19;45;161.98
47;12;19;28;86.31
47;15;19;28;99.98
47;16;19;28;83.23
47;1;19;15;40.05
47;8;19;26;75.3
47;14;19;39;141.99
47;19;19;39;173.78
47;22;19;54;111.89
47;27;19;15;51.69
47;31;19;36;135.26
47;4;19;26;60.12
47;10;19;27;89.29
47;28;19;21;71.5
47;30;14;38;111.78
47;4;14;18;60.84
47;8;14;50;156.88
47;18;14;49;145.81
47;29;14;28;76.54
47;26;14;19;57.65
47;5;14;31;113.09
47;9;14;11;30.37
47;13;14;27;68.18
47;15;14;30;85.52
47;16;14;25;81.91
47;21;14;27;71.93
47;23;14;39;124.87
47;25;14;50;141.88
47;31;14;19;43.21
47;12;14;20;45.83
47;28;14;34;122.97
47;1;14;18;69.83
47;3;14;33;112.75
47;10;14;34;78.34
47;11;14;45;117.01
47;14;14;22;76.85
47;17;14;42;93.87
47;19;14;31;123.21
47;22;14;22;71.11
47;24;14;37;150.41
47;23;15;28;73.87
47;12;15;28;84.01
47;13;15;22;81.7
47;15;15;33;97.41
47;21;15;29;101.66
47;5;15;42;132.68
47;8;15;28;79.93
47;9;15;31;58
47;18;15;23;82
47;25;15;42;141.18
47;26;15;22;72.13
47;30;15;26;50.93
47;31;15;18;60.09
47;29;15;46;136.98
47;4;15;37;105.4
47;16;15;27;99.82
47;19;15;36;145.18
47;17;15;20;65.6
47;3;15;12;39.9
47;14;15;31;98.2
47;22;15;56;169.34
47;28;15;30;66.81
47;1;15;10;44.09
47;24;15;30;73.44
47;10;15;33;100.09
47;11;15;18;80.21
47;14;11;31;89.59
47;17;11;19;59.62
47;24;11;30;87.28
47;1;11;8;30.53
47;3;11;49;133.67
47;11;11;24;64.44
47;23;11;27;75.72
47;25;11;18;52.85
47;28;11;21;67.43
47;30;11;28;85.32
47;22;11;37;94.13
47;8;11;52;144.26
47;13;11;18;59.76
47;31;11;25;50.02
47;4;11;32;85.86
47;15;11;13;33.73
47;29;11;15;52.73
47;18;11;27;79.26
47;21;11;17;62.63
47;16;11;25;78.4
47;19;11;24;104.35
47;26;11;36;111.7
47;19;20;14;38.8
47;4;20;21;50.01
47;10;20;37;111.81
47;14;20;19;47.79
47;27;20;23;73.81
47;31;20;43;151.33
47;1;20;8;19.19
47;8;20;38;124.71
47;15;20;22;77.78
47;22;20;33;102.76
47;28;20;33;95.57
47;5;20;25;90.75
47;26;20;36;84.86
47;9;20;23;73.61
47;21;20;29;92.39
47;23;20;29;87.12
47;25;20;21;64.37
47;16;20;36;122.41
47;12;20;22;69.32
47;13;20;29;116.01
47;18;20;27;63.83
47;29;20;36;132.46
47;30;20;30;68.26
47;13;10;26;94.28
47;22;10;23;73.65
47;15;10;13;45.09
47;4;10;21;51.18
47;8;10;22;47.8
47;31;10;39;128.13
47;28;10;25;63.83
47;14;10;20;60.47
47;1;10;12;29.43
47;3;10;26;72.35
47;11;10;28;82.27
47;17;10;24;56.34
47;23;10;21;63.41
47;24;10;26;73.1
47;25;10;7;19.87
47;30;10;25;61
47;19;10;17;51.99
47;26;10;34;110.4
47;29;10;35;85.87
47;16;10;20;63.87
47;18;10;20;51.27
47;21;10;21;50.09
47;1;21;6;16.17
47;8;21;18;62.15
47;14;21;18;52.57
47;27;21;8;26.55
47;31;21;39;138.82
47;4;21;19;50.43
47;10;21;22;63.44
47;19;21;38;49.43
47;15;21;20;59.29
47;22;21;4;14.43
47;28;21;31;86.18
47;16;21;24;49.81
47;18;21;43;141.32
47;5;21;6;15.33
47;9;21;14;34.46
47;12;21;6;28.61
47;13;21;3;13.87
47;21;21;20;69.66
47;23;21;11;28.37
47;25;21;16;51.78
47;26;21;36;97.51
47;29;21;13;29.25
47;30;21;10;33.05
47;18;9;15;20.14
47;29;9;14;30.72
47;16;9;14;45.38
47;19;9;10;18.84
47;21;9;14;36.61
47;26;9;29;101.55
47;24;9;7;24.96
47;30;9;16;34.84
47;3;9;10;31.15
47;14;9;10;35.42
47;17;9;24;76.81
47;23;9;17;67.58
47;25;9;21;81.01
47;28;9;11;30.39
47;11;9;20;44.13
47;13;9;25;67.42
47;4;9;6;10.48
47;8;9;6;11.43
47;15;9;8;22.13
47;22;9;12;44.34
47;31;9;16;43.57
47;31;22;1;5.24
47;5;22;2;1.76
47;12;22;2;1.14
47;30;22;5;0.3
47;24;20;22;69.96
47;17;20;21;52.2
47;24;21;23;55.02
47;17;21;29;110.14
47;17;18;53;217.41
47;17;19;25;86.78
47;24;19;38;128.31
47;27;11;30;72.41
47;27;16;32;82.98
47;27;15;29;86.62
47;27;10;41;118.12
47;27;9;15;56.96
47;27;13;24;69.02
47;27;12;57;159.26
47;27;14;46;146.36
47;20;19;27;68.91
47;20;17;37;101.31
47;20;20;27;84.13
47;20;11;21;70.44
47;20;16;24;74.67
47;20;13;47;138.56
47;20;12;31;95.63
47;20;15;42;153.65
47;20;14;53;177.9
47;20;10;17;45.57
47;20;21;14;54.23
47;20;9;22;76.35
47;20;18;37;97.73
47;3;22;1;0.77
47;12;8;1;4.02
47;2;22;1;0.04
47;7;9;3;7.63
47;5;9;15;21.18
47;9;9;12;26.59
47;10;9;5;13.93
47;2;9;12;49.07
47;12;9;14;40.02
47;6;9;12;51.6
47;5;10;16;48.03
47;7;10;29;94.6
47;9;10;15;54.36
47;12;10;15;31.02
47;2;10;12;32.99
47;6;10;15;57.78
47;10;10;18;59.45
47;7;21;10;29.61
47;3;21;28;91.41
47;2;21;10;43.77
47;11;21;13;34.73
47;6;21;15;53.48
47;7;11;31;65.65
47;2;11;25;68.77
47;5;11;8;25.42
47;6;11;38;113.57
47;9;11;42;143.51
47;10;11;26;60.43
47;12;11;28;79.03
47;2;16;31;75.35
47;7;16;31;98.08
47;6;16;31;96
47;7;15;34;98.71
47;2;15;24;103.89
47;6;15;15;54.35
47;2;13;33;124.5
47;6;13;42;111.55
47;7;13;46;136.85
47;2;20;18;39.91
47;3;20;16;27.62
47;6;20;24;75.74
47;7;20;25;35.6
47;11;20;44;107.58
47;2;14;24;76.18
47;6;14;50;133.5
47;7;14;13;46.41
47;10;12;31;73.87
47;7;12;15;49.26
47;2;12;21;60.18
47;6;12;39;129.51
47;2;19;33;98.87
47;6;19;4;7.45
47;11;19;25;75.94
47;3;19;29;78.74
47;7;19;15;43.91
47;2;17;29;84.05
47;3;17;48;161.29
47;6;17;39;107.67
47;7;17;27;74.07
47;7;18;29;79.38
47;3;18;46;161.37
47;6;18;21;56.98
47;2;18;24;69.49
47;11;18;29;103.17
47;20;22;2;8.14
48;9;17;58;178.53
48;25;17;53;172.34
48;26;17;58;184.19
48;2;17;34;113.44
48;19;17;45;129.52
48;21;17;37;141.52
48;13;17;45;161.83
48;7;17;28;100.95
48;14;17;25;64.68
48;16;17;47;115.19
48;12;17;64;189.96
48;22;17;44;114.21
48;28;17;39;116.48
48;17;17;47;136.22
48;3;17;35;84.03
48;4;17;42;124.64
48;8;17;60;173.74
48;11;17;49;118.82
48;18;17;73;223.5
48;23;17;54;142.22
48;31;17;39;148.87
48;24;17;57;205.25
48;20;17;35;108.23
48;29;17;22;77.82
48;30;17;40;107.05
48;5;17;39;110.19
48;10;17;44;122.98
48;27;17;30;116.22
48;1;17;12;51.09
48;15;17;48;151.11
48;6;17;30;58.45
48;11;18;47;138.64
48;12;18;54;167.89
48;27;18;37;107.75
48;29;18;47;147.28
48;30;18;47;115.73
48;5;18;43;121.34
48;23;18;69;204.01
48;3;18;38;108.31
48;10;18;47;159.31
48;20;18;35;100.71
48;24;18;49;140.66
48;28;18;32;94.09
48;17;18;53;177.71
48;4;18;41;127.55
48;22;18;46;133.85
48;26;18;58;194.24
48;31;18;48;165.36
48;2;18;22;63.36
48;9;18;62;195.72
48;25;18;54;159.08
48;21;18;22;64.03
48;7;18;30;92.24
48;14;18;37;101.94
48;16;18;54;158.28
48;1;18;27;83.25
48;6;18;40;98.91
48;8;18;45;126.75
48;13;18;39;132.81
48;15;18;52;143.2
48;18;18;53;184.29
48;25;16;45;127.75
48;26;16;30;82.55
48;2;16;38;125.42
48;9;16;50;116.04
48;19;16;36;105.43
48;7;16;23;60.29
48;21;16;39;126.38
48;13;16;42;152.43
48;14;16;27;85.02
48;16;16;38;81.77
48;3;16;45;119.71
48;6;16;43;136.68
48;31;16;37;113.26
48;8;16;39;103.32
48;22;16;58;171.83
48;27;16;40;119.65
48;4;16;45;133.62
48;11;16;38;99.68
48;12;16;45;160.65
48;15;16;45;121.41
48;17;16;35;94.61
48;23;16;30;95.88
48;18;16;32;89.74
48;28;16;39;94.68
48;1;16;28;109.27
48;24;16;52;136.8
48;10;16;41;126.82
48;5;16;56;159.07
48;20;16;30;109.04
48;29;16;31;103.61
48;30;16;28;93.5
48;30;13;47;120.52
48;10;13;48;132.53
48;12;13;55;140.67
48;21;13;51;186.66
48;24;13;37;98.18
48;29;13;34;105.09
48;5;13;48;122.98
48;11;13;39;112.6
48;23;13;40;124.76
48;28;13;42;111.34
48;4;13;43;125.18
48;15;13;55;128.73
48;18;13;39;132.83
48;22;13;49;151.58
48;6;13;53;180.72
48;8;13;35;86.58
48;9;13;34;130.07
48;20;13;59;167.28
48;25;13;41;123.43
48;16;13;37;127.16
48;19;13;39;125.71
48;2;13;47;144.61
48;26;13;39;127.11
48;14;13;45;137.72
48;13;13;47;161.89
48;17;13;56;158.53
48;3;13;28;74.88
48;27;13;38;123.43
48;31;13;40;122.13
48;1;13;32;111.03
48;7;13;39;100.95
48;9;12;49;188.47
48;19;12;42;122.25
48;6;12;44;133.24
48;13;12;49;155.76
48;2;12;40;70.47
48;16;12;49;150.42
48;4;12;35;97.8
48;25;12;36;126.31
48;5;12;48;159.12
48;20;12;43;147.01
48;29;12;46;143.04
48;15;12;47;155.34
48;22;12;38;101.03
48;30;12;43;133.52
48;18;12;46;115.77
48;10;12;30;90.81
48;12;12;37;101.56
48;28;12;33;76.65
48;11;12;37;117.1
48;23;12;49;156.14
48;24;12;43;108.61
48;21;12;29;99.93
48;31;12;43;139.22
48;7;12;31;88.98
48;14;12;51;191.13
48;1;12;23;61.47
48;8;12;41;75.28
48;17;12;49;164.24
48;26;12;50;132.41
48;3;12;40;125.07
48;27;12;31;71.31
48;24;19;36;124.55
48;6;19;13;30.74
48;4;19;33;101.43
48;8;19;39;102.07
48;18;19;27;89.41
48;30;19;43;136.45
48;1;19;30;109.97
48;22;19;39;94.74
48;5;19;41;135.05
48;13;19;20;72.47
48;15;19;23;59.87
48;31;19;16;46.71
48;25;19;35;110.16
48;2;19;31;86.77
48;9;19;40;126.97
48;26;19;35;111.09
48;7;19;20;55.95
48;14;19;46;139.62
48;21;19;33;121.6
48;17;19;53;155.63
48;28;19;15;53.75
48;16;19;32;93.91
48;10;19;42;117.43
48;3;19;27;83.23
48;20;19;21;41.68
48;23;19;41;109.05
48;27;19;18;63.48
48;29;19;40;138.37
48;11;19;33;77.8
48;12;19;35;99.95
48;26;14;36;95.44
48;2;14;53;121.12
48;19;14;55;172.87
48;25;14;38;83.35
48;31;14;33;104.33
48;9;14;43;118.05
48;21;14;49;148.48
48;14;14;36;107.51
48;7;14;34;68.11
48;13;14;32;98.78
48;16;14;37;110.72
48;6;14;43;136.52
48;12;14;45;103.85
48;17;14;47;117.75
48;11;14;39;117.72
48;1;14;47;109.22
48;3;14;37;118.21
48;8;14;45;153.2
48;18;14;41;104.2
48;22;14;55;165.24
48;27;14;47;132.43
48;28;14;30;108.67
48;15;14;33;111.17
48;20;14;44;118.74
48;23;14;32;119.57
48;29;14;28;85.79
48;30;14;30;64.52
48;5;14;30;87.7
48;10;14;33;109.29
48;24;14;28;105.73
48;4;14;26;60.96
48;5;15;44;151.5
48;1;15;21;54.41
48;8;15;50;144.59
48;13;15;32;88.57
48;30;15;41;136
48;10;15;53;176.16
48;9;15;43;117.58
48;22;15;23;64.19
48;31;15;39;105.45
48;25;15;43;144.28
48;4;15;53;147.88
48;6;15;27;78.03
48;15;15;24;73.49
48;16;15;25;85.83
48;20;15;48;118.9
48;24;15;29;83.77
48;29;15;26;69.72
48;18;15;32;95.08
48;23;15;46;148.28
48;12;15;60;157.48
48;28;15;48;167.31
48;7;15;45;118.68
48;3;15;27;77.2
48;11;15;33;95.63
48;14;15;45;133.66
48;17;15;29;74.3
48;26;15;46;142.71
48;27;15;33;117.73
48;21;15;26;79.09
48;2;15;46;146.07
48;19;15;44;122.26
48;19;11;31;77.26
48;2;11;23;62.84
48;13;11;45;129.01
48;25;11;30;85.04
48;10;11;31;113.29
48;16;11;38;113.18
48;29;11;36;60.55
48;9;11;21;62.31
48;20;11;55;187.37
48;28;11;44;149.19
48;30;11;23;76.1
48;24;11;49;89.37
48;21;11;37;110.04
48;5;11;30;71.53
48;12;11;28;78.97
48;11;11;45;107.56
48;3;11;31;101.59
48;6;11;34;101.75
48;7;11;25;79.19
48;8;11;15;58.2
48;15;11;31;99.86
48;18;11;42;127.71
48;4;11;25;92.19
48;22;11;22;67.72
48;14;11;31;102.67
48;1;11;15;48.8
48;17;11;33;88.83
48;23;11;25;79.54
48;26;11;37;104
48;27;11;37;125.76
48;31;11;45;126.04
48;10;20;38;98.5
48;12;20;24;79.09
48;20;20;29;80.31
48;3;20;29;95.27
48;29;20;41;124.04
48;23;20;22;49.44
48;11;20;24;51.15
48;27;20;11;42.08
48;25;20;44;155.99
48;26;20;22;57.43
48;2;20;16;53.2
48;9;20;20;71.32
48;21;20;21;51.48
48;7;20;22;52.86
48;14;20;31;103.19
48;28;20;24;86.79
48;17;20;19;73.33
48;16;20;30;89.82
48;4;20;16;47.58
48;22;20;35;75.13
48;5;20;28;99.88
48;15;20;40;92.48
48;6;20;22;72.84
48;8;20;31;92.88
48;30;20;22;61.19
48;31;20;38;115.05
48;1;20;23;74.95
48;13;20;28;69.41
48;18;20;28;95.11
48;24;20;25;95.78
48;19;10;24;65.66
48;2;10;27;86.93
48;13;10;20;55.77
48;9;10;17;60.42
48;16;10;26;63.95
48;20;10;24;58.41
48;25;10;22;53.66
48;29;10;19;57.5
48;10;10;24;59.09
48;5;10;30;90.36
48;21;10;26;73.63
48;24;10;32;95.01
48;30;10;19;56.91
48;28;10;22;77.91
48;31;10;18;42.77
48;12;10;27;77.49
48;7;10;19;56.9
48;26;10;48;160.12
48;3;10;20;69.08
48;6;10;19;65.26
48;8;10;19;63.09
48;14;10;31;82.09
48;11;10;39;131.12
48;1;10;10;30.22
48;4;10;21;62.59
48;15;10;17;51.12
48;18;10;20;59.86
48;22;10;38;104.53
48;23;10;19;62.15
48;27;10;39;136.54
48;11;21;19;46.48
48;12;21;14;31.01
48;20;21;20;74.02
48;23;21;18;59.94
48;3;21;12;28.59
48;10;21;21;58.5
48;27;21;18;57.21
48;29;21;21;48.48
48;7;21;12;48.55
48;14;21;16;34.94
48;21;21;18;50.14
48;25;21;15;49.4
48;26;21;16;48.16
48;9;21;26;65.76
48;2;21;29;79.08
48;17;21;16;39.45
48;28;21;11;28.21
48;16;21;22;84.77
48;1;21;17;44.5
48;22;21;22;66.57
48;31;21;21;56.41
48;4;21;9;25.97
48;5;21;22;66.95
48;6;21;9;32.01
48;13;21;29;90.71
48;15;21;24;78.37
48;30;21;17;72.17
48;8;21;21;55.23
48;18;21;17;72.76
48;24;21;15;49.88
48;19;9;30;87.05
48;2;9;11;22.51
48;13;9;9;22.35
48;20;9;20;41.63
48;9;9;15;48.39
48;16;9;20;76.31
48;10;9;7;24.98
48;25;9;15;53.08
48;29;9;13;38.54
48;30;9;24;43.53
48;5;9;17;48.25
48;21;9;13;43.99
48;28;9;10;19.51
48;24;9;29;74.56
48;8;9;16;46.72
48;3;9;14;37.12
48;12;9;12;33.21
48;15;9;16;55.45
48;22;9;26;57.16
48;23;9;29;90.35
48;31;9;10;40.05
48;4;9;14;29.02
48;6;9;12;40.39
48;7;9;8;24.63
48;14;9;7;20.84
48;18;9;5;8.98
48;26;9;23;65.63
48;27;9;29;70.3
48;11;9;17;43.33
48;26;22;1;2.1
48;8;22;6;19.9
48;1;22;1;4.83
48;6;22;1;2.1
48;27;22;2;8.04
48;24;22;3;7.68
48;17;10;24;92.49
48;17;9;14;56.27
48;19;19;36;70.71
48;19;18;55;172.69
48;19;20;38;154.56
48;19;21;23;45.69
35;1;17;31;72.62
35;18;17;34;87.83
35;6;17;70;220.22
35;13;17;49;164.73
35;15;17;41;103.09
35;22;17;50;191.48
35;24;17;39;107.44
35;27;17;52;161.05
35;29;17;38;110.38
35;26;17;50;136.43
35;10;17;40;146.25
35;5;17;53;182.07
35;14;17;46;105.32
35;23;17;51;167.54
35;3;17;59;124.34
35;7;17;46;153.14
35;16;17;45;161.18
35;17;17;30;93.98
35;21;17;61;213.29
35;28;17;29;78.83
35;31;17;40;130.33
35;9;17;48;162.77
35;20;17;51;136.11
35;25;17;46;114.41
35;19;17;46;135.39
35;8;17;52;146.42
35;2;17;40;122.65
35;12;17;53;183.32
35;4;17;50;131.2
35;11;17;30;93.89
35;30;17;20;62.47
35;7;18;39;105.76
35;3;18;55;177.33
35;5;18;62;189.88
35;17;18;45;98.48
35;19;18;58;171.82
35;22;18;57;166.88
35;27;18;77;202.27
35;28;18;46;156.31
35;31;18;42;146.39
35;9;18;45;123.93
35;10;18;63;202.24
35;13;18;34;73.52
35;16;18;41;129.35
35;20;18;43;147.53
35;21;18;66;180.82
35;15;18;57;176.99
35;6;18;48;148.55
35;1;18;40;142.02
35;14;18;44;102.19
35;23;18;26;59.53
35;26;18;50;105.66
35;29;18;41;87.85
35;11;18;40;139.86
35;18;18;49;155.61
35;4;18;54;169.09
35;30;18;44;122.61
35;25;18;55;165.9
35;12;18;42;115.39
35;2;18;67;215.27
35;8;18;46;110.11
35;24;18;46;138.91
35;25;16;43;134.74
35;19;16;56;121.16
35;3;16;54;200.93
35;10;16;38;128.55
35;13;16;72;221.18
35;16;16;19;47.88
35;20;16;67;230.36
35;21;16;99;306.39
35;27;16;57;155.65
35;28;16;63;173.96
35;5;16;49;123.24
35;7;16;34;104.47
35;9;16;44;154.24
35;17;16;26;79.16
35;31;16;40;94.76
35;14;16;43;136.48
35;2;16;60;196.98
35;8;16;24;90.46
35;24;16;29;82.47
35;4;16;50;106.41
35;6;16;61;134.83
35;12;16;27;72.91
35;26;16;65;200.99
35;1;16;45;94.07
35;15;16;37;131.07
35;29;16;35;120.78
35;23;16;31;77.58
35;18;16;23;79.05
35;22;16;27;84.15
35;11;16;21;60.8
35;30;16;20;63.93
35;21;13;71;178.36
35;4;13;45;98.66
35;5;13;39;108.16
35;14;13;75;204.14
35;23;13;30;79.27
35;25;13;49;159.01
35;11;13;33;87
35;6;13;49;158.27
35;9;13;30;85.41
35;10;13;17;46.51
35;27;13;58;197.9
35;31;13;20;59.4
35;19;13;37;94.02
35;13;13;50;136.85
35;1;13;25;83.53
35;7;13;94;314.65
35;12;13;18;58.38
35;28;13;55;167.05
35;18;13;19;61.32
35;3;13;33;85.85
35;8;13;22;60.38
35;17;13;32;100.52
35;20;13;62;172.35
35;22;13;57;126.9
35;24;13;22;61.91
35;26;13;35;110.28
35;29;13;29;80.67
35;15;13;22;58.52
35;2;13;77;199.46
35;30;13;23;91.33
35;16;13;24;55.23
35;21;12;23;67.67
35;25;12;21;52
35;1;12;23;67.67
35;13;12;74;245.3
35;18;12;42;106.94
35;27;12;54;173.29
35;4;12;18;52.29
35;6;12;66;193.75
35;11;12;29;84.01
35;14;12;55;150.17
35;23;12;32;114.89
35;7;12;39;122.8
35;2;12;66;193.33
35;12;12;23;89.39
35;19;12;51;160.41
35;28;12;56;138.63
35;30;12;10;28.38
35;24;12;39;125.55
35;16;12;42;124.07
35;29;12;17;64.5
35;8;12;24;81.77
35;9;12;33;82.54
35;15;12;24;90.75
35;17;12;38;110.63
35;22;12;29;97.83
35;26;12;27;83.32
35;31;12;38;97.91
35;3;12;56;198.03
35;20;12;78;212.24
35;5;12;30;100.26
35;10;12;32;110.36
35;22;19;45;131.05
35;17;19;34;65.17
35;5;19;59;153.81
35;13;19;34;131.07
35;20;19;31;76.76
35;28;19;37;106.12
35;7;19;23;69.77
35;3;19;45;140.91
35;16;19;17;52.87
35;21;19;60;183.95
35;10;19;48;139.35
35;27;19;42;113.89
35;23;19;30;84.81
35;29;19;55;171.05
35;6;19;45;114.57
35;1;19;15;62.5
35;15;19;28;75.88
35;4;19;39;106.53
35;11;19;41;110.57
35;12;19;51;148.84
35;18;19;19;52.88
35;25;19;41;172.52
35;30;19;33;124.76
35;2;19;32;114.88
35;8;19;22;56.79
35;14;19;35;77.67
35;19;19;43;148.26
35;24;19;27;92.82
35;31;19;48;179.81
35;9;19;48;148.88
35;26;19;51;181.28
35;12;14;43;132.77
35;13;14;72;212.64
35;20;14;65;233.83
35;21;14;75;229.3
35;27;14;35;107.76
35;28;14;75;239.45
35;1;14;17;58.65
35;7;14;80;223.44
35;18;14;32;109.27
35;11;14;35;89.03
35;4;14;92;224.77
35;5;14;29;90.71
35;14;14;52;172.51
35;23;14;22;71.64
35;10;14;37;93.97
35;6;14;56;162.23
35;9;14;23;58.92
35;19;14;20;52.02
35;25;14;29;74.48
35;31;14;30;105.39
35;8;14;35;98.76
35;3;14;51;161.52
35;17;14;23;103.46
35;29;14;15;45.3
35;15;14;34;90.33
35;22;14;38;100.95
35;24;14;19;44.58
35;26;14;32;110.76
35;30;14;32;98.7
35;16;14;30;96.95
35;2;14;49;184.53
35;14;15;55;142.52
35;22;15;38;123.36
35;26;15;46;117.38
35;6;15;47;107.04
35;13;15;64;161.82
35;16;15;43;129.74
35;1;15;39;99.34
35;2;15;87;242.61
35;18;15;34;87.81
35;23;15;27;83.01
35;24;15;25;84.88
35;30;15;12;33.5
35;27;15;52;141.43
35;15;15;28;93.35
35;20;15;68;169.81
35;7;15;55;240.34
35;8;15;33;98.02
35;12;15;35;100.77
35;28;15;60;151.7
35;4;15;33;96.93
35;9;15;44;146.47
35;19;15;40;130.62
35;21;15;73;192.81
35;25;15;33;98.64
35;31;15;37;124.14
35;10;15;32;58.25
35;5;15;43;139.65
35;11;15;28;67.16
35;3;15;45;170.42
35;17;15;38;94.14
35;29;15;30;87.53
35;24;11;22;71.7
35;26;11;33;126.12
35;9;11;26;80.73
35;15;11;33;96.9
35;17;11;30;94.96
35;20;11;30;74.13
35;31;11;34;109.41
35;3;11;39;118.48
35;5;11;20;57.35
35;8;11;33;39.25
35;10;11;29;90.79
35;22;11;17;38.77
35;29;11;22;69.6
35;14;11;31;98.21
35;4;11;16;40.05
35;6;11;50;138.7
35;23;11;11;32.44
35;11;11;12;28.46
35;16;11;26;76.96
35;19;11;28;96.2
35;7;11;41;137.91
35;2;11;30;82.37
35;12;11;27;85.87
35;28;11;39;138.94
35;30;11;16;47.46
35;1;11;15;44.1
35;27;11;44;133.41
35;13;11;30;62.43
35;18;11;22;69.64
35;21;11;47;68.64
35;25;11;18;42.08
35;9;20;29;98.81
35;26;20;37;117.35
35;4;20;40;116.1
35;6;20;33;116.1
35;14;20;16;36.38
35;24;20;16;33.99
35;31;20;21;66.63
35;2;20;36;79.04
35;8;20;13;33.99
35;19;20;30;90.86
35;12;20;34;100.22
35;18;20;29;92.09
35;11;20;33;104.76
35;21;20;35;102.5
35;25;20;15;47.29
35;30;20;21;57.52
35;5;20;32;81.42
35;15;20;37;122.11
35;27;20;40;108.9
35;29;20;18;65.98
35;1;20;14;40.27
35;10;20;25;66.18
35;23;20;25;68.8
35;28;20;56;158.86
35;7;20;24;68.07
35;16;20;27;89.54
35;17;20;41;118.17
35;20;20;23;53.91
35;3;20;26;89.13
35;13;20;18;51.59
35;22;20;30;50.29
35;3;10;15;51.92
35;5;10;20;55.91
35;15;10;16;48.65
35;22;10;23;65.06
35;29;10;19;51.56
35;10;10;14;46.72
35;8;10;8;20.52
35;9;10;15;51.64
35;17;10;10;32.56
35;20;10;20;50.27
35;24;10;19;49.2
35;26;10;17;78.13
35;31;10;10;21.69
35;6;10;27;72.56
35;11;10;12;32.6
35;14;10;11;43.04
35;4;10;7;25.39
35;23;10;10;23.97
35;2;10;19;43.71
35;7;10;16;44.68
35;28;10;16;57.98
35;12;10;12;45.01
35;16;10;11;21.19
35;19;10;22;53.65
35;30;10;9;21.04
35;27;10;22;69.54
35;21;10;13;30.55
35;25;10;16;50.72
35;1;10;5;9
35;13;10;16;52.52
35;18;10;20;82.19
35;28;21;13;47.27
35;22;21;13;34.96
35;7;21;5;18.07
35;3;21;21;48.74
35;16;21;11;41.86
35;17;21;32;90.73
35;20;21;28;48.08
35;27;21;19;57.14
35;1;21;7;23.97
35;5;21;17;54.47
35;10;21;15;51.75
35;15;21;9;22.76
35;23;21;22;61.33
35;29;21;9;28.78
35;12;21;16;42.54
35;18;21;4;19.35
35;4;21;17;49.87
35;11;21;9;31.12
35;25;21;22;43.87
35;30;21;26;84.51
35;21;21;1;2.77
35;6;21;20;58.94
35;9;21;9;39.37
35;2;21;11;36.7
35;8;21;5;15.29
35;14;21;9;38.61
35;19;21;24;59.39
35;24;21;7;23.4
35;26;21;19;70.96
35;31;21;26;92.18
35;13;9;12;28.52
35;21;9;8;24.12
35;18;9;12;38.95
35;25;9;9;27.95
35;27;9;10;32.33
35;2;9;19;63.1
35;12;9;3;8.95
35;16;9;8;26.15
35;19;9;13;41.19
35;28;9;8;28.13
35;30;9;3;6.43
35;7;9;5;16.33
35;4;9;6;16.01
35;6;9;12;29.59
35;11;9;15;46.75
35;14;9;13;26.71
35;23;9;9;16.28
35;3;9;12;22.27
35;31;9;4;8.78
35;9;9;13;43.79
35;15;9;2;8.58
35;22;9;2;6.62
35;29;9;5;13.13
35;5;9;16;44.47
35;8;9;6;19.84
35;10;9;12;40.7
35;17;9;14;33.24
35;20;9;7;11.94
35;24;9;11;44.04
35;13;21;2;11.62
35;26;9;5;11.39
34;18;17;23;66.87
34;16;17;14;43.71
34;5;17;19;60.64
34;2;17;17;48.09
34;7;17;11;39.46
34;9;17;10;17.36
34;21;17;17;41.52
34;24;17;12;31.21
34;23;17;17;64.29
34;27;17;9;30.31
34;31;17;12;29.28
34;9;18;17;49.31
34;16;18;19;52.09
34;18;18;27;68.21
34;23;18;35;82.49
34;31;18;13;37.94
34;5;18;20;58.11
34;7;18;12;55.51
34;2;18;8;18.32
34;21;18;15;35.24
34;24;18;26;68.27
34;27;18;13;29.67
34;16;16;16;41.93
34;27;16;21;69.49
34;2;16;30;102.42
34;5;16;11;28.97
34;7;16;6;19.36
34;9;16;15;46.84
34;18;16;8;34.82
34;21;16;16;52.73
34;23;16;19;75.79
34;24;16;13;41.58
34;31;16;9;17.84
34;27;13;24;49.45
34;5;13;13;41.87
34;9;13;22;78.52
34;16;13;19;52.74
34;31;13;26;77.89
34;2;13;6;17.71
34;7;13;25;55.11
34;18;13;9;26.37
34;21;13;12;24.48
34;23;13;16;55.55
34;24;13;18;51.39
34;7;12;6;18.64
34;23;12;11;28.19
34;21;12;22;65.17
34;9;12;14;34.87
34;16;12;14;31.33
34;31;12;18;66.7
34;2;12;14;21.85
34;5;12;16;58.2
34;18;12;12;56.73
34;24;12;13;40.6
34;27;12;21;81.39
34;18;19;23;74.07
34;31;19;16;53.37
34;7;19;4;19.6
34;9;19;21;53.72
34;21;19;12;27.17
34;23;19;30;78.74
34;27;19;8;30.01
34;16;19;15;53.95
34;2;19;16;48.83
34;5;19;11;31.91
34;24;19;10;35.1
34;5;14;14;41.01
34;2;14;18;56.77
34;7;14;12;34.52
34;16;14;13;37.57
34;18;14;18;42.19
34;21;14;18;44.44
34;23;14;10;25.4
34;24;14;10;32.92
34;27;14;12;39.54
34;31;14;12;48.05
34;31;15;23;81.55
34;9;15;11;33.12
34;23;15;18;76.53
34;7;15;23;62.45
34;2;15;13;28.45
34;5;15;7;24.02
34;16;15;12;43.7
34;18;15;23;67.9
34;21;15;15;45.65
34;24;15;12;34.1
34;27;15;18;60.59
34;24;11;19;47.68
34;27;11;19;49.76
34;31;11;9;22.47
34;2;11;17;35.98
34;5;11;21;58.9
34;7;11;8;26.47
34;18;11;5;8.89
34;21;11;16;38.2
34;23;11;12;48.84
34;16;11;14;29.39
34;24;20;22;56.47
34;5;20;12;35.03
34;23;20;8;25.55
34;31;20;13;39.56
34;7;20;10;30.62
34;21;20;6;9.52
34;2;20;8;36.08
34;9;20;13;35.84
34;16;20;19;69.39
34;18;20;12;32.47
34;27;20;27;64.05
34;16;10;10;35.63
34;2;10;7;25.34
34;5;10;5;20.59
34;7;10;3;6.86
34;18;10;8;25.75
34;21;10;6;2.08
34;23;10;8;16.19
34;24;10;8;13.2
34;27;10;14;60.95
34;31;10;4;13.02
34;2;21;5;21.63
34;5;21;13;44
34;7;21;4;16.44
34;24;21;5;8.32
34;23;21;8;33.18
34;9;21;4;17.67
34;16;21;10;47.83
34;18;21;5;8.88
34;21;21;9;12.47
34;31;21;11;29.43
34;27;21;5;25.97
34;24;9;8;20.93
34;2;9;3;4.55
34;5;9;10;43.04
34;7;9;4;4.92
34;16;9;10;34.52
34;18;9;2;6.9
34;23;9;5;18.95
34;27;9;4;18.84
34;31;9;4;11.14
34;21;9;4;12.52
34;8;17;17;44.49
34;12;17;20;82.15
34;13;17;14;51.21
34;6;17;28;78.19
34;11;17;7;14.01
34;14;17;19;59.08
34;3;17;19;56.39
34;17;17;29;49.79
34;22;17;32;107.1
34;26;17;26;68.55
34;4;17;18;56.19
34;20;17;20;58.64
34;25;17;25;54.48
34;28;17;20;56.66
34;29;17;8;30.95
34;30;17;19;61.86
34;1;17;16;54.09
34;10;17;21;72.94
34;15;17;20;65.49
34;19;17;19;58.83
34;14;18;10;28.42
34;8;18;26;82.52
34;6;18;11;33.83
34;11;18;23;70.09
34;12;18;15;62.79
34;13;18;6;20.91
34;4;18;14;45.75
34;3;18;16;46.74
34;10;18;23;69.75
34;15;18;20;73.34
34;25;18;21;59.68
34;26;18;27;85.19
34;28;18;15;30.85
34;1;18;4;6.54
34;17;18;12;42.43
34;19;18;13;33.84
34;20;18;8;19.99
34;22;18;14;32.29
34;29;18;5;14.99
34;30;18;23;73.58
34;26;16;22;47.76
34;30;16;12;36.1
34;19;16;26;81.23
34;10;16;19;48.61
34;22;16;17;71.77
34;25;16;9;38.68
34;28;16;26;88.9
34;29;16;11;23.03
34;1;16;14;51.74
34;3;16;11;32.65
34;4;16;13;35.59
34;15;16;13;45.52
34;17;16;7;16.61
34;20;16;22;77.38
34;6;16;11;32.88
34;13;16;17;41.67
34;8;16;13;31.35
34;11;16;16;55.38
34;12;16;8;32.89
34;14;16;8;26.66
34;11;13;7;30.4
34;14;13;17;45.4
34;8;13;15;40.59
34;6;13;5;18.21
34;12;13;14;53.21
34;13;13;13;26.54
34;1;13;13;43.87
34;4;13;15;32.8
34;15;13;10;27.12
34;20;13;17;37.06
34;26;13;9;33.14
34;29;13;5;13.94
34;10;13;14;50.25
34;28;13;10;40.14
34;3;13;11;24.98
34;17;13;7;21.81
34;19;13;23;53.69
34;22;13;12;47.03
34;30;13;17;71.17
34;25;13;10;26.32
34;6;12;15;46.44
34;8;12;7;23.22
34;11;12;8;16.07
34;12;12;18;66.63
34;13;12;12;42.04
34;14;12;19;63
34;29;12;11;32.66
34;20;12;17;50.13
34;25;12;21;61.23
34;28;12;16;47.1
34;30;12;9;17.12
34;22;12;17;42.71
34;3;12;17;51.56
34;4;12;12;29
34;10;12;14;51.85
34;15;12;17;38.24
34;17;12;11;24.91
34;19;12;13;45.81
34;26;12;19;64.34
34;6;19;11;30.27
34;8;19;15;45.11
34;11;19;10;32.7
34;14;19;8;14
34;12;19;11;29.8
34;13;19;11;26.8
34;28;19;14;49.59
34;10;19;16;51.41
34;20;19;14;48.39
34;25;19;21;59.76
34;4;19;11;32.44
34;29;19;25;90.59
34;3;19;14;38.03
34;15;19;13;23.66
34;17;19;22;65.74
34;19;19;16;42.89
34;22;19;15;46.01
34;26;19;20;50.45
34;30;19;8;21.92
34;1;19;2;5.07
34;13;15;20;59.37
34;11;15;3;5.04
34;12;15;18;42.41
34;6;15;16;34.18
34;8;15;7;10.58
34;14;15;13;31.04
34;15;15;14;44.42
34;19;15;12;29.33
34;20;15;27;91.88
34;1;15;8;29.97
34;4;15;15;41.06
34;3;15;14;40.02
34;10;15;19;41.65
34;17;15;12;45
34;22;15;18;42.14
34;25;15;8;17.56
34;28;15;15;60.04
34;29;15;16;50.32
34;30;15;16;60.11
34;26;15;17;42.72
34;11;14;6;16.63
34;6;14;18;59.31
34;8;14;20;60.84
34;12;14;9;18.97
34;13;14;5;11.06
34;14;14;12;41.86
34;1;14;35;92.87
34;3;14;8;21.02
34;22;14;21;81.28
34;28;14;21;59.54
34;30;14;21;70.47
34;19;14;24;76.56
34;4;14;9;25.01
34;10;14;21;58.69
34;15;14;13;45.86
34;17;14;21;38.03
34;20;14;18;59.92
34;25;14;11;23.37
34;26;14;15;40.35
34;6;11;11;30.51
34;8;11;5;17.78
34;9;11;8;29
34;11;11;13;45.17
34;12;11;12;36.82
34;13;11;18;32.24
34;14;11;14;33.71
34;30;11;23;63.02
34;4;11;12;58.12
34;15;11;12;22.73
34;1;11;1;3.84
34;3;11;12;34.56
34;10;11;9;25.79
34;19;11;16;68.09
34;20;11;18;55.11
34;22;11;10;17.17
34;25;11;14;45.81
34;26;11;20;82.78
34;28;11;19;51.91
34;29;11;15;44.35
34;17;11;8;16.04
34;11;10;6;14.26
34;12;10;6;17.09
34;14;10;3;7.1
34;6;10;10;38.64
34;8;10;8;35.1
34;9;10;7;30.03
34;13;10;3;1.01
34;25;10;12;41.15
34;29;10;6;16.4
34;30;10;21;50.82
34;3;10;18;58.6
34;10;10;16;53.02
34;15;10;7;9.48
34;17;10;5;11.81
34;19;10;5;6.6
34;20;10;11;18.98
34;22;10;3;11.43
34;26;10;14;38.54
34;28;10;10;32.93
34;4;10;11;29.81
34;12;20;11;40.69
34;14;20;20;69.54
34;6;20;9;16.01
34;11;20;8;22.17
34;8;20;7;21.34
34;13;20;10;31.75
34;25;20;6;14.21
34;3;20;10;25.13
34;15;20;21;54.1
34;19;20;2;3.45
34;29;20;19;63.04
34;17;20;12;41.88
34;1;20;14;62.43
34;4;20;8;35.2
34;10;20;10;36.68
34;22;20;16;41.05
34;26;20;11;35.08
34;28;20;11;48.37
34;30;20;8;28.32
34;20;20;7;26.03
34;12;9;3;11.57
34;6;9;5;17.17
34;8;9;3;5.95
34;11;9;9;15.67
34;13;9;7;11.4
34;14;9;6;17.94
34;9;9;4;12.36
34;30;9;12;38.79
34;22;9;9;20.92
34;28;9;11;23.6
34;3;9;2;6.03
34;4;9;7;26.27
34;10;9;8;23.57
34;15;9;11;33.18
34;17;9;5;12.35
34;20;9;3;7.69
34;25;9;4;8.95
34;26;9;9;30.61
34;29;9;21;92.25
34;19;9;9;35.13
34;14;21;9;16.74
34;6;21;6;22.11
34;8;21;3;11.91
34;11;21;13;42.64
34;12;21;2;1.88
34;13;21;13;39.82
34;1;21;8;20.93
34;15;21;14;53.37
34;20;21;9;18.95
34;29;21;9;31.22
34;30;21;7;18.33
34;3;21;9;36.12
34;4;21;7;23.26
34;10;21;15;55.15
34;17;21;11;39.41
34;19;21;14;40.55
34;22;21;8;29.46
34;25;21;9;25.48
34;26;21;11;36.64
34;28;21;8;21.41
34;3;22;2;0.56
34;29;14;7;19.42
34;1;12;4;7.82
33;12;17;42;127.7
33;6;17;28;80.9
33;8;17;43;127.46
33;14;17;36;123.75
33;15;17;38;120.94
33;20;17;21;69.4
33;22;17;46;147.04
33;28;17;20;67.41
33;10;17;40;116.05
33;1;17;14;29.49
33;3;17;38;126.38
33;7;17;33;101.18
33;29;17;30;91.06
33;2;17;35;102.05
33;4;17;63;192.2
33;5;17;46;161.87
33;11;17;28;87.47
33;18;17;25;75.92
33;19;17;46;162.84
33;30;17;45;149.97
33;9;17;46;142.47
33;23;17;40;124.89
33;25;17;51;143.54
33;24;17;37;109.44
33;17;17;54;159.24
33;21;17;38;112.38
33;13;17;38;114.4
33;16;17;28;81.91
33;26;17;39;111.68
33;27;17;39;133.8
33;31;17;38;117.32
33;11;18;39;113.72
33;30;18;29;90.39
33;2;18;33;71.4
33;4;18;29;92.75
33;5;18;52;98.56
33;9;18;34;103.42
33;23;18;34;120.49
33;25;18;32;76.54
33;18;18;29;76.75
33;19;18;55;185.16
33;13;18;35;107.86
33;16;18;33;81.31
33;24;18;43;142.31
33;26;18;41;128.55
33;17;18;41;111.41
33;21;18;28;103.51
33;27;18;32;73.65
33;31;18;42;107.99
33;22;18;35;114.31
33;1;18;24;74.82
33;3;18;25;73.95
33;6;18;20;63.27
33;10;18;39;125.29
33;12;18;38;102.78
33;14;18;24;76.29
33;15;18;50;130.69
33;20;18;37;128.04
33;28;18;20;68.16
33;29;18;31;75.16
33;7;18;33;92.88
33;8;18;19;60.94
33;14;16;31;95.01
33;16;16;39;102.47
33;20;16;32;84.08
33;28;16;33;132.9
33;21;16;40;112.87
33;24;16;33;87.52
33;27;16;35;102.79
33;30;16;16;46.82
33;26;16;23;72.02
33;9;16;16;42.04
33;13;16;26;59.54
33;17;16;16;56.52
33;18;16;18;52.33
33;31;16;32;102.18
33;11;16;37;117.37
33;2;16;35;96.3
33;4;16;30;91.5
33;19;16;44;122.24
33;5;16;53;200.31
33;8;16;33;116.66
33;23;16;31;97.89
33;25;16;38;144.16
33;29;16;22;60.17
33;22;16;23;69.1
33;3;16;41;94.16
33;7;16;23;61.83
33;12;16;39;104.35
33;1;16;19;55.69
33;6;16;36;89.1
33;10;16;29;97.3
33;15;16;24;60.84
33;19;13;41;116.25
33;9;13;26;90.23
33;13;13;50;147.13
33;16;13;11;25.21
33;21;13;24;82.61
33;23;13;23;82.97
33;27;13;38;104.8
33;6;13;58;174
33;7;13;30;91.19
33;2;13;38;114.6
33;10;13;38;119.56
33;20;13;56;111.75
33;11;13;39;113.77
33;14;13;37;104.47
33;18;13;20;72.46
33;25;13;29;92.09
33;30;13;20;65.83
33;28;13;35;108.61
33;31;13;24;63.63
33;3;13;27;68.73
33;5;13;19;41.83
33;8;13;30;91.21
33;12;13;21;57.58
33;15;13;28;76.06
33;17;13;20;57.68
33;22;13;34;88.01
33;26;13;30;55.67
33;1;13;20;52.64
33;4;13;22;53.72
33;24;13;26;79.36
33;29;13;24;49.52
33;4;12;42;122.68
33;1;12;16;52.03
33;3;12;33;97.75
33;5;12;36;118.4
33;8;12;28;85.62
33;15;12;49;147.26
33;17;12;23;77.4
33;24;12;34;113.65
33;26;12;49;130.82
33;29;12;32;95.42
33;31;12;27;83.32
33;12;12;45;138.37
33;22;12;31;113.56
33;7;12;40;126.4
33;2;12;47;146.14
33;13;12;40;118.49
33;19;12;18;52.15
33;21;12;53;153.6
33;23;12;38;119.3
33;27;12;40;97.68
33;6;12;56;185.3
33;9;12;46;121.82
33;16;12;34;118.04
33;28;12;38;132.22
33;10;12;29;88.6
33;11;12;25;95.92
33;14;12;30;103.8
33;18;12;31;95.7
33;25;12;28;73.63
33;30;12;36;92.46
33;20;12;32;97.44
33;25;19;54;171.66
33;5;19;44;128.13
33;9;19;45;139.68
33;11;19;31;90.92
33;18;19;44;142.88
33;19;19;39;119.59
33;30;19;46;112.8
33;2;19;37;115.12
33;4;19;36;103.71
33;23;19;40;107.48
33;21;19;26;91.14
33;13;19;17;64
33;16;19;30;128.35
33;26;19;30;73.11
33;31;19;26;79.15
33;17;19;28;96.79
33;24;19;51;159.28
33;27;19;27;75.89
33;7;19;22;78.82
33;1;19;29;101.94
33;3;19;29;113.19
33;8;19;28;71.94
33;10;19;17;31.47
33;20;19;31;93.32
33;22;19;35;89.34
33;28;19;21;48.3
33;6;19;34;90.13
33;12;19;32;86.38
33;14;19;29;94.95
33;15;19;36;83.08
33;29;19;18;46.58
33;13;14;56;147.88
33;2;14;42;109.16
33;6;14;55;172.25
33;9;14;21;43.97
33;12;14;28;125.31
33;15;14;19;59.56
33;16;14;26;69.71
33;21;14;39;124.41
33;23;14;19;54.21
33;3;14;27;65.02
33;7;14;24;73.1
33;10;14;31;79.69
33;14;14;32;84.34
33;19;14;20;54.85
33;20;14;28;82.23
33;22;14;22;49.98
33;27;14;40;136.15
33;28;14;41;103.4
33;29;14;25;80.67
33;1;14;12;23.69
33;26;14;27;96.49
33;30;14;27;79.65
33;17;14;19;56.88
33;4;14;18;34.32
33;5;14;28;112.21
33;8;14;21;78.62
33;11;14;29;97.28
33;18;14;17;42.11
33;24;14;22;54.37
33;25;14;26;66.46
33;31;14;18;62.03
33;2;15;37;125.71
33;4;15;43;107.24
33;5;15;20;60
33;18;15;28;86.1
33;1;15;24;71.5
33;3;15;35;112.35
33;8;15;22;89.41
33;9;15;21;52.76
33;11;15;27;94.96
33;23;15;36;87.22
33;25;15;10;42.72
33;26;15;20;56.44
33;29;15;17;50.21
33;30;15;16;53.61
33;19;15;27;68.32
33;22;15;20;69.33
33;13;15;33;111.02
33;27;15;33;117.68
33;21;15;22;64.51
33;24;15;18;53.7
33;31;15;19;60.86
33;10;15;8;20.92
33;16;15;10;33.59
33;17;15;22;51
33;28;15;45;141.47
33;6;15;38;127.28
33;20;15;29;64.68
33;7;15;19;41.49
33;14;15;25;90.43
33;15;15;34;114.45
33;12;15;17;36.45
33;4;11;15;54.82
33;5;11;39;139.14
33;8;11;21;84.45
33;12;11;31;76.04
33;17;11;15;44.05
33;24;11;21;73.59
33;31;11;13;41.95
33;1;11;15;48.2
33;3;11;23;63.87
33;15;11;19;54.51
33;22;11;19;57.49
33;26;11;28;85.27
33;29;11;28;69.4
33;19;11;16;54.86
33;2;11;36;104.42
33;7;11;24;61.53
33;21;11;30;99.46
33;27;11;28;83.19
33;6;11;42;92.36
33;9;11;17;50.47
33;13;11;27;76.77
33;16;11;22;83.89
33;23;11;13;36.31
33;14;11;34;111.01
33;28;11;22;89.07
33;10;11;11;31.35
33;11;11;20;49.97
33;18;11;19;55.27
33;20;11;17;52.19
33;25;11;26;74.82
33;30;11;20;63.89
33;2;20;14;49.98
33;5;20;23;57.72
33;19;20;29;84.66
33;23;20;27;77.98
33;25;20;37;90.88
33;30;20;31;87.19
33;4;20;33;116.52
33;9;20;14;46.87
33;11;20;27;57.62
33;18;20;21;54.38
33;13;20;32;109.25
33;31;20;29;100.54
33;17;20;22;66.6
33;21;20;19;83.78
33;24;20;29;62.62
33;26;20;20;66.31
33;27;20;17;41.39
33;16;20;19;55.03
33;8;20;18;50.42
33;15;20;14;53.95
33;3;20;26;71.26
33;7;20;8;14.91
33;10;20;22;64.8
33;14;20;23;64.28
33;20;20;11;37.02
33;22;20;30;93.61
33;29;20;21;70.56
33;1;20;8;33.27
33;6;20;11;33.27
33;12;20;9;30.11
33;28;20;27;84.71
33;20;10;22;53.77
33;30;10;7;15.65
33;10;10;15;43.04
33;11;10;17;55.81
33;14;10;11;25.19
33;18;10;6;22.6
33;25;10;10;28.54
33;28;10;8;25.53
33;6;10;17;51.41
33;2;10;19;61.65
33;9;10;11;25.37
33;13;10;25;78.63
33;16;10;8;29.44
33;27;10;27;88.81
33;7;10;10;22.71
33;19;10;13;45.37
33;21;10;19;65.29
33;23;10;23;86.84
33;4;10;19;52.94
33;17;10;14;49.29
33;22;10;17;57.52
33;1;10;6;20.13
33;3;10;24;77.52
33;12;10;15;34.2
33;15;10;7;20.86
33;24;10;19;63.79
33;26;10;13;28.15
33;29;10;8;20.9
33;31;10;11;34.17
33;5;10;20;60.42
33;8;10;12;18.06
33;4;21;10;30.96
33;19;21;23;83.43
33;2;21;9;38.05
33;5;21;10;27.84
33;11;21;12;61.01
33;18;21;8;23.41
33;23;21;13;32.23
33;25;21;17;61.76
33;30;21;14;34.88
33;9;21;14;59.73
33;13;21;16;51.61
33;16;21;6;20.61
33;24;21;17;44.15
33;26;21;16;45.73
33;17;21;15;31.19
33;21;21;17;61.29
33;27;21;5;13.72
33;31;21;20;60.92
33;3;21;11;24.06
33;6;21;14;49.42
33;8;21;18;52.68
33;12;21;21;80.38
33;14;21;11;22.61
33;28;21;20;51.86
33;29;21;16;59.31
33;22;21;21;61.51
33;1;21;15;35.2
33;7;21;14;58.78
33;10;21;15;56.91
33;15;21;7;26.63
33;20;21;16;49.43
33;31;9;25;71.78
33;15;9;5;12.66
33;17;9;6;14.2
33;22;9;13;47.55
33;26;9;4;15.23
33;29;9;11;29.26
33;12;9;15;48.89
33;24;9;11;29.07
33;5;9;1;1.43
33;9;9;6;14.61
33;13;9;14;42.72
33;16;9;5;14.35
33;19;9;8;27.48
33;21;9;5;11.16
33;23;9;15;57.84
33;27;9;13;50.93
33;10;9;8;27.91
33;11;9;4;14.67
33;18;9;4;14.46
33;25;9;6;14.73
33;28;9;4;10.15
33;30;9;12;32.95
33;20;9;11;39.33
33;14;9;6;22.56
33;31;22;1;4.41
33;17;22;3;17.19
38;16;17;24;63.33
38;13;17;14;27.74
38;2;17;5;15.73
38;9;17;19;62.23
38;27;17;11;28.6
38;8;17;13;39.89
38;11;17;6;18.66
38;12;17;32;90.64
38;17;17;17;40.71
38;19;17;19;46.23
38;20;17;2;7.63
38;23;17;7;21.12
38;25;17;4;15.39
38;26;17;15;54.76
38;31;17;16;50.33
38;1;17;6;16.87
38;3;17;14;32.08
38;7;17;13;37.45
38;4;17;26;91.46
38;5;17;17;29.75
38;10;17;15;46.56
38;21;17;12;37.7
38;6;17;20;73.05
38;24;17;21;67.3
38;30;17;10;32.02
38;18;17;8;18.72
38;14;17;7;23.51
38;22;17;24;66.3
38;28;17;11;26.45
38;29;17;11;21.29
38;15;17;8;26.87
38;3;18;39;99.98
38;4;18;20;65.47
38;21;18;15;39.04
38;5;18;21;28.48
38;10;18;21;67.16
38;7;18;12;51.89
38;15;18;18;46.68
38;30;18;10;22.67
38;24;18;12;21.11
38;28;18;10;28.32
38;14;18;1;1.25
38;6;18;17;49.93
38;18;18;17;57.46
38;22;18;18;49.92
38;29;18;9;26.67
38;13;18;15;50.51
38;9;18;7;23.76
38;16;18;9;23.71
38;19;18;21;68.49
38;12;18;12;21.47
38;20;18;19;83.6
38;1;18;3;6.97
38;2;18;8;27.38
38;8;18;19;47.07
38;17;18;19;57.54
38;23;18;11;32.33
38;25;18;6;13.08
38;26;18;5;14.19
38;27;18;12;19.83
38;31;18;7;33.26
38;11;18;7;25.05
38;25;16;26;49.56
38;17;16;14;32.35
38;9;16;12;50.33
38;10;16;21;64.35
38;20;16;14;36.52
38;23;16;12;47.68
38;1;16;6;19.2
38;8;16;21;67.07
38;13;16;10;35.77
38;19;16;21;77.2
38;26;16;17;48.34
38;11;16;9;26.48
38;2;16;13;36.5
38;3;16;14;39
38;12;16;19;77.17
38;16;16;17;44.16
38;27;16;11;22.27
38;6;16;14;38.07
38;5;16;17;41.59
38;29;16;11;30.61
38;31;16;10;28.17
38;15;16;18;67.56
38;4;16;15;47.28
38;14;16;13;45.88
38;18;16;11;38.13
38;22;16;6;20.11
38;24;16;15;63.14
38;28;16;4;10.8
38;30;16;18;45.61
38;7;16;11;40.62
38;21;16;13;32.95
38;4;13;27;85.52
38;5;13;18;57.41
38;19;13;13;50.12
38;18;13;23;72.36
38;6;13;9;34.22
38;8;13;26;64.63
38;12;13;7;14.35
38;14;13;12;25.36
38;17;13;15;36.37
38;23;13;10;22.48
38;25;13;23;73.91
38;26;13;15;37.42
38;28;13;9;11.32
38;30;13;14;31.02
38;9;13;24;112.14
38;31;13;15;57.35
38;21;13;19;44.81
38;7;13;9;27.19
38;3;13;12;29.33
38;22;13;21;65.11
38;11;13;22;63.43
38;15;13;20;61.38
38;29;13;12;37.82
38;1;13;10;24.35
38;2;13;16;64.41
38;10;13;22;58.91
38;13;13;12;30.23
38;16;13;10;24.41
38;20;13;19;56.04
38;24;13;12;35.99
38;27;13;5;11.95
38;7;12;27;92.49
38;21;12;3;5.64
38;5;12;16;44.85
38;8;12;20;62.36
38;26;12;9;12.01
38;4;12;11;29.33
38;6;12;11;20.07
38;12;12;23;81.04
38;14;12;9;30.03
38;19;12;12;23.43
38;23;12;29;72.11
38;25;12;17;75.45
38;28;12;4;9.59
38;9;12;14;42.69
38;17;12;7;16.76
38;30;12;14;46.73
38;15;12;16;42.97
38;16;12;30;108.95
38;20;12;17;56.81
38;24;12;15;30.25
38;29;12;8;17.82
38;2;12;15;32.57
38;10;12;25;79
38;11;12;23;86.21
38;13;12;8;24.87
38;22;12;17;57.87
38;27;12;19;66.08
38;3;12;12;35.74
38;1;12;5;14.15
38;18;12;8;8.73
38;6;19;12;32.03
38;14;19;10;35.44
38;24;19;9;18.46
38;29;19;12;30.05
38;15;19;26;89.19
38;18;19;11;32.79
38;28;19;2;3.32
38;30;19;23;88.2
38;21;19;17;29.68
38;5;19;15;56.44
38;13;19;6;8.64
38;3;19;14;28.13
38;4;19;9;30.66
38;7;19;13;38.76
38;10;19;8;26.75
38;19;19;11;29.88
38;17;19;22;46.23
38;20;19;19;56.71
38;23;19;10;28.03
38;25;19;10;25.65
38;9;19;10;17.93
38;26;19;8;24.03
38;11;19;11;17.14
38;1;19;10;25.02
38;2;19;9;28.44
38;8;19;19;59.69
38;12;19;11;31.84
38;16;19;19;56.89
38;27;19;14;40.68
38;31;19;10;35.73
38;3;15;20;85.11
38;1;15;10;31.12
38;16;15;10;23.15
38;20;15;12;33.74
38;2;15;5;21.21
38;10;15;15;26.75
38;11;15;18;72.04
38;13;15;26;77.75
38;27;15;8;22.4
38;17;15;5;15.01
38;12;15;15;40.17
38;8;15;12;18.54
38;30;15;10;24.38
38;5;15;13;35.3
38;18;15;14;55.62
38;24;15;9;17.08
38;4;15;11;40.19
38;6;15;13;28.86
38;9;15;20;74.19
38;14;15;7;27.37
38;19;15;15;45.95
38;22;15;16;49.6
38;23;15;6;19.12
38;25;15;6;23.83
38;26;15;16;60.66
38;28;15;5;16.65
38;29;15;10;47.85
38;31;15;7;26.29
38;15;15;11;26.34
38;7;15;11;41.46
38;21;15;25;48.72
38;10;14;11;27.06
38;1;14;12;32.34
38;11;14;7;19.9
38;13;14;26;72.46
38;2;14;6;21.88
38;3;14;6;20.6
38;16;14;14;45.42
38;20;14;14;45.95
38;27;14;11;18.21
38;15;14;10;28.86
38;24;14;10;33.1
38;21;14;29;76.14
38;7;14;11;23.5
38;19;14;18;50.08
38;8;14;29;101.48
38;28;14;11;46.8
38;30;14;5;19.74
38;31;14;11;31.16
38;26;14;8;17.38
38;5;14;20;82.91
38;6;14;5;10.09
38;9;14;12;41.53
38;12;14;13;31.45
38;18;14;5;16.16
38;22;14;4;12.29
38;25;14;6;18.12
38;23;14;24;84.77
38;4;14;5;14.02
38;17;14;13;32.11
38;29;14;1;1.86
38;14;14;11;33.79
38;7;11;10;34.14
38;21;11;11;28.92
38;4;11;9;23.14
38;19;11;13;42.35
38;17;11;9;17.51
38;5;11;9;41.65
38;6;11;16;42.2
38;8;11;14;57.07
38;12;11;7;15.58
38;14;11;8;23.41
38;23;11;14;41.53
38;25;11;9;27.32
38;26;11;7;11.61
38;28;11;9;27.5
38;31;11;13;31.76
38;9;11;8;12.21
38;15;11;9;21.53
38;3;11;9;23
38;20;11;14;61.37
38;22;11;11;31.33
38;29;11;6;15.05
38;30;11;10;50.04
38;24;11;12;42.49
38;1;11;1;5.04
38;2;11;5;11.74
38;10;11;11;39.38
38;13;11;13;25.47
38;16;11;8;32.88
38;18;11;11;32.67
38;27;11;4;11.66
38;11;11;6;13.65
38;22;10;14;49.96
38;27;10;28;81.43
38;1;10;8;25.52
38;20;10;11;51.26
38;11;10;10;34.57
38;2;10;8;19.64
38;13;10;9;22.02
38;15;10;8;21.9
38;16;10;7;24.2
38;18;10;11;30.83
38;24;10;6;22.23
38;30;10;12;36.4
38;3;10;6;11.06
38;10;10;1;0.92
38;29;10;6;27.51
38;7;10;8;29.34
38;21;10;17;31.1
38;14;10;5;18.02
38;5;10;11;51.21
38;6;10;9;17.03
38;8;10;3;4.97
38;9;10;6;20.06
38;12;10;4;14.09
38;17;10;3;9.4
38;19;10;6;12.27
38;23;10;9;22.27
38;25;10;6;15.42
38;26;10;6;14.75
38;28;10;11;40.56
38;4;10;4;9.47
38;31;10;8;23.01
38;6;20;12;37.74
38;30;20;11;33.67
38;14;20;7;17.64
38;15;20;8;34.57
38;18;20;13;41.84
38;24;20;10;31.52
38;28;20;6;22.88
38;29;20;9;12.72
38;13;20;8;16.13
38;3;20;4;13.39
38;5;20;10;33.87
38;21;20;4;8.68
38;4;20;15;44.7
38;7;20;4;16.32
38;9;20;12;32.24
38;12;20;7;27.54
38;16;20;4;12.43
38;26;20;4;13.69
38;27;20;12;33
38;1;20;3;9.02
38;11;20;9;15.54
38;17;20;7;21.24
38;20;20;20;72.34
38;2;20;6;15.43
38;8;20;5;22.38
38;19;20;7;19.2
38;23;20;3;9.32
38;25;20;6;15.16
38;31;20;10;25.89
38;15;9;15;46.92
38;13;9;10;28.72
38;3;9;6;13.51
38;16;9;6;20.95
38;18;9;1;3.48
38;24;9;9;39.35
38;27;9;6;15.87
38;30;9;6;19.79
38;2;9;1;0.69
38;11;9;7;18.65
38;29;9;3;4.8
38;10;9;2;6.78
38;7;9;1;4.02
38;21;9;4;4.28
38;12;9;10;29.02
38;19;9;11;36.13
38;23;9;15;43.91
38;4;9;7;23.05
38;8;9;5;15.96
38;17;9;7;31.11
38;25;9;4;20.81
38;26;9;9;24.07
38;28;9;5;8.38
38;31;9;7;36.09
38;6;9;2;5.96
38;14;9;6;27.05
38;9;9;4;7.24
38;9;21;1;3.41
38;2;8;1;3.36
38;3;8;2;3.91
38;11;8;1;1.41
38;13;8;1;0.09
38;18;8;1;2.7
38;20;8;1;0.55
38;22;8;1;1.74
38;24;8;3;5.13
38;15;8;1;5.58
38;30;21;2;1.56
38;5;9;2;6.26
38;20;9;11;25.95
38;10;20;8;32.14
38;31;12;9;29.01
38;23;21;4;22.6
36;24;17;31;109.2
36;24;18;41;150.9
36;24;16;35;83.42
36;24;13;18;47.27
36;24;12;20;82.29
36;24;19;21;55.53
36;24;14;11;53.81
36;24;15;12;29.92
36;24;11;18;62.4
36;24;20;16;42.05
36;24;10;11;39.77
36;24;21;9;27.91
36;29;17;23;78.68
36;27;17;35;140.19
36;28;17;24;53.44
36;14;17;36;121.62
36;3;17;26;85.79
36;5;17;23;67.5
36;6;17;31;72.87
36;7;17;32;119.17
36;30;17;18;53.36
36;31;17;20;55.8
36;4;17;33;97.99
36;28;18;18;56.3
36;27;18;16;46.13
36;29;18;52;160.82
36;3;18;33;102.2
36;4;18;33;97.59
36;6;18;28;96.5
36;7;18;27;91.03
36;14;18;10;26.32
36;30;18;20;63.67
36;31;18;20;67.6
36;5;18;25;80.35
36;30;16;23;68.5
36;5;16;23;62.18
36;6;16;16;32.99
36;31;16;21;52.98
36;3;16;11;34.87
36;4;16;19;58.93
36;7;16;27;88.69
36;14;16;19;61.54
36;28;16;11;26.08
36;27;16;28;78.52
36;29;16;27;95.96
36;28;13;22;77.58
36;27;13;25;81.78
36;29;13;28;78.15
36;3;13;12;52.31
36;4;13;24;84.6
36;7;13;18;42.63
36;14;13;18;65
36;31;13;15;39.47
36;30;13;17;44.66
36;5;13;27;58.4
36;6;13;25;66.47
36;7;12;17;64.1
36;4;12;19;64.75
36;5;12;14;44.84
36;14;12;22;64.9
36;31;12;18;58.05
36;30;12;13;48.06
36;3;12;9;14.98
36;6;12;19;59.9
36;28;12;19;55.73
36;27;12;23;77.92
36;29;12;13;29.37
36;28;19;15;63.13
36;27;19;14;58.72
36;29;19;27;88.45
36;4;19;20;52.31
36;6;19;20;60.98
36;14;19;18;42.04
36;3;19;22;85.4
36;5;19;14;60.01
36;30;19;32;79.27
36;31;19;27;79.31
36;7;19;24;72.61
36;27;15;47;153.43
36;29;15;16;38.4
36;28;15;11;34.83
36;3;15;29;76.73
36;6;15;20;68.91
36;14;15;21;54.64
36;30;15;21;45.37
36;5;15;29;65.03
36;4;15;15;48.22
36;7;15;7;23.73
36;31;15;8;28.29
36;28;14;30;91.99
36;27;14;24;64.47
36;29;14;21;39.24
36;31;14;16;54.4
36;6;14;25;66.6
36;14;14;28;64.99
36;3;14;19;61.02
36;4;14;9;23.67
36;5;14;20;50.94
36;7;14;11;32.25
36;30;14;25;77.37
36;27;11;24;80.99
36;29;11;18;38.86
36;28;11;23;69.25
36;3;11;16;35.38
36;6;11;26;104.6
36;7;11;13;39.78
36;14;11;29;87.12
36;30;11;17;42.35
36;31;11;10;31.09
36;4;11;22;43.71
36;5;11;5;13.74
36;28;10;16;71.94
36;27;10;17;46.38
36;29;10;10;35.06
36;3;10;5;9.72
36;4;10;17;51.4
36;5;10;13;38.61
36;6;10;15;56.08
36;7;10;6;29.08
36;14;10;6;11.91
36;30;10;14;48.24
36;31;10;7;17.27
36;29;20;25;97.23
36;27;20;20;61.85
36;28;20;24;61.19
36;14;20;20;50.68
36;3;20;15;51.83
36;4;20;19;59.37
36;5;20;21;36.42
36;6;20;11;33.49
36;7;20;11;55.63
36;30;20;27;90.86
36;31;20;22;58.26
36;28;9;1;2.85
36;4;21;21;78.81
36;3;21;20;53.07
36;5;21;12;34.39
36;6;21;18;64.95
36;7;21;5;26.49
36;14;21;5;18.92
36;30;21;22;102.19
36;31;21;16;51.33
36;28;21;12;45.09
36;27;21;7;24.81
36;29;21;11;32.11
36;30;22;1;5.31
36;6;22;2;6.42
36;15;19;26;97.79
36;17;19;29;91.43
36;18;19;41;128.84
36;19;19;28;104.72
36;20;19;20;64.68
36;23;19;26;76.08
36;16;19;14;50.25
36;2;19;22;87.5
36;9;19;8;16.51
36;10;19;31;100.65
36;11;19;17;49.95
36;12;19;29;61.75
36;21;19;31;78.64
36;22;19;19;57.57
36;25;19;15;39.15
36;26;19;25;77.64
36;2;20;13;40.09
36;18;20;20;66.7
36;19;20;26;88.4
36;21;20;21;69.31
36;9;20;22;61.32
36;10;20;27;78.85
36;20;20;29;103.56
36;11;20;12;31.94
36;12;20;13;52.9
36;15;20;29;114.86
36;16;20;21;42.51
36;17;20;11;39.01
36;22;20;24;53.61
36;23;20;24;70.01
36;25;20;11;26.96
36;26;20;28;73.41
36;12;16;17;64.44
36;15;16;37;102.6
36;16;16;20;57.7
36;17;16;26;78.42
36;19;16;48;120.7
36;22;16;40;101.92
36;2;16;14;39.25
36;10;16;21;59.94
36;11;16;24;67.27
36;18;16;19;68.6
36;20;16;24;75.3
36;21;16;33;105.26
36;23;16;23;81.41
36;25;16;18;67.1
36;26;16;37;103.04
36;9;16;15;37.21
36;15;13;23;63.5
36;10;13;8;24.94
36;26;13;32;107.76
36;2;13;21;55.03
36;9;13;11;30.67
36;12;13;23;50.81
36;16;13;16;47.44
36;17;13;16;64.94
36;19;13;26;100.25
36;20;13;38;97.49
36;21;13;18;40.96
36;22;13;19;52.81
36;25;13;21;73.23
36;23;13;29;96.61
36;11;13;16;40.95
36;18;13;14;41.23
36;9;12;23;62.88
36;2;12;21;64.2
36;19;12;20;49.25
36;10;12;21;68.74
36;12;12;25;84.6
36;15;12;25;61.56
36;16;12;12;33.55
36;18;12;16;49.62
36;20;12;23;54.34
36;21;12;32;86.45
36;22;12;18;55.8
36;23;12;13;28.54
36;25;12;23;77.4
36;26;12;16;40.79
36;17;12;9;35.56
36;11;12;20;40.44
36;2;21;10;26.25
36;9;21;20;75.57
36;10;21;20;62.57
36;15;21;25;69.63
36;18;21;25;87.32
36;19;21;16;15.03
36;20;21;28;74.93
36;21;21;10;31.71
36;22;21;20;49.54
36;11;21;11;25.14
36;12;21;12;50.61
36;16;21;12;36.49
36;17;21;21;85.09
36;23;21;17;58.75
36;25;21;31;77.44
36;26;21;18;75.36
36;2;11;18;57.05
36;9;11;16;46.52
36;10;11;11;46.68
36;11;11;19;38.4
36;12;11;15;29.15
36;20;11;12;38.79
36;19;11;14;45.25
36;16;11;17;56.6
36;15;11;17;58.61
36;17;11;15;43.02
36;18;11;22;65.17
36;21;11;31;97.05
36;22;11;12;39.14
36;23;11;17;62.12
36;25;11;20;49.99
36;26;11;24;66.74
36;26;14;23;86.69
36;9;14;17;68.2
36;17;14;21;68.42
36;20;14;34;81.01
36;21;14;39;100.55
36;22;14;18;50.58
36;2;14;13;41.63
36;10;14;19;48.2
36;11;14;28;77.34
36;12;14;35;113.74
36;15;14;21;73.78
36;16;14;7;25.27
36;18;14;24;89.55
36;19;14;17;51.05
36;23;14;16;34.56
36;25;14;13;39.19
36;10;15;15;30.7
36;9;15;27;80.49
36;2;15;27;85.86
36;11;15;21;61.63
36;12;15;13;30.62
36;15;15;36;141.52
36;16;15;17;39.15
36;17;15;18;44.97
36;18;15;26;87.91
36;19;15;32;115.41
36;20;15;25;70.08
36;22;15;23;76.71
36;23;15;22;95.36
36;25;15;16;50.47
36;26;15;14;41.55
36;21;15;31;72.93
36;19;10;23;58.82
36;2;10;17;50.2
36;17;10;25;60.43
36;11;10;12;32.14
36;9;10;15;34.58
36;10;10;11;11.91
36;12;10;22;64.62
36;15;10;8;10.89
36;20;10;11;31.21
36;21;10;13;29.48
36;22;10;9;23.73
36;23;10;11;29.56
36;26;10;15;47.09
36;25;10;19;35.22
36;16;10;2;5.2
36;18;10;9;34.35
36;21;22;1;3.75
36;26;22;1;2.84
36;2;22;1;3.96
36;19;17;37;89.88
36;9;17;32;99.38
36;12;17;25;95.07
36;16;17;30;81.73
36;17;17;26;88.41
36;18;17;32;115.82
36;20;17;22;54.04
36;21;17;26;94.7
36;23;17;51;137.8
36;26;17;32;99.69
36;2;17;28;89.24
36;10;17;50;102.05
36;11;17;30;82.9
36;15;17;26;105.27
36;22;17;33;113.74
36;25;17;24;57.8
36;10;18;27;67.46
36;11;18;29;78.66
36;16;18;18;54.66
36;17;18;27;74.81
36;21;18;29;78.34
36;22;18;64;169.38
36;23;18;39;136.37
36;26;18;27;64.38
36;12;18;29;106.07
36;15;18;37;122.42
36;2;18;22;64.85
36;9;18;33;95.95
36;18;18;46;115.4
36;19;18;37;114.78
36;20;18;15;48.44
36;25;18;24;73.42
36;1;18;23;52.49
36;8;18;23;69.51
36;13;18;23;70.94
36;8;16;29;73.46
36;1;16;20;56.75
36;13;16;17;34.19
36;8;17;31;114.72
36;13;17;9;31.28
36;1;17;20;57.94
36;1;19;30;96.06
36;8;19;26;62.02
36;13;19;34;116.34
36;13;15;31;91.15
36;1;15;18;53.51
36;8;15;11;35.72
36;1;12;15;50.52
36;13;12;18;65.52
36;8;12;14;40.63
36;1;20;17;48.72
36;13;20;22;50.59
36;8;20;13;31.82
36;13;14;11;28.33
36;1;14;22;89.7
36;8;14;20;40
36;1;13;19;50.17
36;8;13;11;39.18
36;13;13;22;69.12
36;8;11;11;17.87
36;13;11;16;42.59
36;1;11;4;6.84
36;8;21;14;36.26
36;13;21;20;82.87
36;1;21;9;30.02
36;1;10;6;20.72
36;8;10;5;3.31
36;13;10;17;49.51
36;13;22;1;5.93
37;13;17;8;33.34
37;13;16;7;17.3
37;13;13;16;47.09
37;13;12;4;12.67
37;13;19;3;9.44
37;13;14;11;30.43
37;13;15;4;19.39
37;13;11;9;35.69
37;13;10;11;24.93
37;13;18;2;2.72
37;12;17;10;28.73
37;11;17;11;42.78
37;31;17;21;71.71
37;3;17;4;20.27
37;4;17;13;30.55
37;7;17;4;10.23
37;19;17;11;32.25
37;27;17;18;58.31
37;8;17;16;37.37
37;26;17;10;29.83
37;6;17;7;11.88
37;1;17;5;12.64
37;2;17;3;10.92
37;5;17;10;31.42
37;14;17;3;6.3
37;24;17;8;32.59
37;9;17;10;25.5
37;18;17;14;31.14
37;20;17;5;14.66
37;30;17;9;29.68
37;10;17;8;27.26
37;15;17;16;39.86
37;16;17;11;24.25
37;17;17;9;22.23
37;21;17;7;16.56
37;22;17;12;51.43
37;23;17;25;63.77
37;25;17;19;53.92
37;29;17;10;32.79
37;28;17;1;0.94
37;18;18;15;35.14
37;16;18;18;53.2
37;23;18;22;55.55
37;24;18;3;9.09
37;25;18;24;69.93
37;30;18;18;74.8
37;9;18;16;54.03
37;10;18;10;42.62
37;15;18;12;41.57
37;17;18;24;91.71
37;20;18;9;20.48
37;22;18;17;63.58
37;28;18;7;20.71
37;29;18;17;45.22
37;1;18;6;13.38
37;14;18;10;15.79
37;2;18;3;5.77
37;5;18;7;20.43
37;6;18;11;31.76
37;4;18;6;10.22
37;3;18;13;36.57
37;7;18;1;4.88
37;8;18;7;21.61
37;11;18;4;8.27
37;26;18;13;30.87
37;31;18;13;38.36
37;19;18;2;9.47
37;12;18;12;36.27
37;30;16;18;54.04
37;16;16;4;14.66
37;24;16;14;50.62
37;9;16;8;18.4
37;10;16;15;50.08
37;20;16;9;36.83
37;21;16;8;19.16
37;22;16;22;100.3
37;23;16;18;51.63
37;25;16;11;32.97
37;28;16;5;10.67
37;29;16;23;62.56
37;17;16;14;52.05
37;15;16;4;9.67
37;6;16;7;29.32
37;1;16;5;20.73
37;2;16;6;25.98
37;5;16;17;25.52
37;14;16;10;35.09
37;8;16;5;14.78
37;3;16;11;35.48
37;7;16;12;46.6
37;26;16;10;19.63
37;27;16;7;22.43
37;31;16;10;24.34
37;19;16;11;12.34
37;11;16;15;47.07
37;4;16;1;3.2
37;12;16;9;31.81
37;17;13;17;43.09
37;9;13;7;17.57
37;16;13;12;26.8
37;18;13;8;29.17
37;21;13;11;16.42
37;24;13;7;20.27
37;28;13;8;27.1
37;29;13;7;26.38
37;30;13;6;22.49
37;10;13;9;30.9
37;20;13;22;46.03
37;22;13;4;12.75
37;23;13;1;4.64
37;1;13;2;2.34
37;6;13;4;10.58
37;5;13;5;18.77
37;7;13;3;3.33
37;3;13;13;55.41
37;4;13;17;65.31
37;8;13;4;15.85
37;19;13;8;24.9
37;26;13;6;20.52
37;31;13;9;28.25
37;11;13;10;7.98
37;27;13;5;19.39
37;12;13;9;24.88
37;12;12;5;23.05
37;3;12;5;8.01
37;19;12;13;43.39
37;31;12;5;13.76
37;7;12;3;6.19
37;11;12;4;19.06
37;27;12;17;53.78
37;26;12;17;54.88
37;4;12;5;23.46
37;8;12;3;12.4
37;2;12;8;29.92
37;5;12;10;42.17
37;6;12;7;19.44
37;14;12;6;13.81
37;1;12;5;17.71
37;22;12;15;45.14
37;9;12;19;63.16
37;10;12;20;58.44
37;15;12;4;12.77
37;23;12;7;15.96
37;25;12;19;36.47
37;29;12;8;21.2
37;16;12;11;24.93
37;17;12;24;61.41
37;20;12;3;8.67
37;24;12;14;54.73
37;28;12;2;8.34
37;18;12;4;9.87
37;30;12;10;28.64
37;21;12;2;4.27
37;2;19;4;8.57
37;6;19;3;5.33
37;5;19;5;10.77
37;14;19;6;15.1
37;1;19;1;2.27
37;18;19;9;16.03
37;9;19;10;31.59
37;10;19;14;51.98
37;15;19;10;33.01
37;16;19;14;40.15
37;17;19;5;14.5
37;22;19;15;60.21
37;23;19;15;54
37;24;19;9;23.41
37;25;19;15;30.85
37;28;19;5;13.43
37;29;19;7;20.15
37;30;19;14;51.6
37;20;19;5;24.95
37;21;19;6;12.59
37;8;19;5;16.48
37;26;19;17;37.68
37;3;19;9;33.12
37;4;19;6;7.53
37;19;19;3;10.49
37;31;19;11;19.18
37;27;19;1;4.78
37;11;19;11;38.32
37;12;19;16;60.76
37;12;15;9;22.81
37;7;15;6;13.21
37;8;15;4;15.87
37;26;15;3;8.7
37;27;15;7;29.09
37;19;15;5;14.46
37;3;15;8;24.34
37;31;15;6;9.1
37;11;15;1;0.65
37;4;15;11;36.09
37;1;15;15;40.13
37;6;15;9;33.69
37;5;15;1;2.38
37;20;15;15;53.56
37;21;15;12;36.12
37;22;15;10;14.59
37;23;15;11;32.92
37;9;15;15;44.03
37;10;15;10;37.39
37;15;15;10;19.91
37;16;15;3;12.99
37;18;15;7;21.32
37;24;15;9;40.27
37;28;15;14;31.82
37;29;15;8;23.28
37;30;15;16;35.64
37;9;14;6;30.08
37;10;14;3;12.67
37;15;14;18;46.18
37;16;14;7;25.53
37;24;14;15;68.72
37;29;14;3;7.84
37;17;14;9;26.08
37;18;14;7;30.68
37;30;14;10;28.11
37;22;14;2;7.92
37;25;14;1;4.81
37;20;14;6;7.83
37;1;14;7;18.76
37;2;14;18;44.41
37;5;14;16;45.17
37;6;14;13;31.89
37;14;14;5;9.79
37;31;14;5;16.54
37;4;14;5;4.81
37;7;14;5;7.23
37;8;14;9;41.47
37;11;14;5;19.46
37;19;14;4;7.87
37;26;14;9;36.95
37;27;14;14;19.61
37;3;14;3;10.73
37;12;14;4;13.43
37;16;11;8;31.35
37;23;11;13;30.83
37;9;11;12;54.84
37;10;11;4;13.75
37;12;11;3;12.03
37;15;11;7;16.98
37;18;11;7;18.93
37;20;11;12;33.2
37;21;11;9;30.76
37;22;11;13;56.39
37;24;11;3;7.91
37;28;11;9;33.11
37;29;11;1;1.13
37;30;11;14;37.42
37;2;11;2;1.39
37;5;11;12;38.27
37;6;11;18;62.29
37;14;11;4;8.38
37;7;11;2;5.57
37;8;11;7;27.5
37;19;11;15;51.89
37;31;11;4;14
37;4;11;6;11.4
37;26;11;10;17.02
37;27;11;13;22.51
37;3;11;6;20.12
37;11;11;6;11.54
37;29;10;12;30.35
37;15;10;6;15.72
37;21;10;7;19.29
37;23;10;6;23.46
37;9;10;17;50.33
37;10;10;12;38.6
37;17;10;3;4.34
37;18;10;7;22.85
37;24;10;2;6.38
37;28;10;2;6.07
37;30;10;8;27.8
37;25;10;5;19.36
37;20;10;10;26.48
37;12;10;4;4.05
37;6;10;4;17.38
37;5;10;7;24.96
37;1;10;1;4.25
37;4;10;8;28.48
37;8;10;1;3.68
37;19;10;8;23.41
37;11;10;10;47.62
37;27;10;1;4.42
37;31;10;2;3.12
37;17;20;1;1.84
37;10;20;1;0.39
37;29;9;1;2.69
37;27;20;2;7.6
37;29;20;2;1.5
37;22;20;2;2.6
37;26;10;4;10.72
37;3;10;2;10.8
37;14;10;4;8.46
37;16;10;20;102.62
37;7;19;2;9.06
37;21;14;2;11.58
37;23;14;7;14.05
37;2;15;5;18.68
37;25;15;4;9.84
37;17;15;6;25.7
37;21;18;7;26.01
37;14;13;2;4.98
37;25;13;10;32.72
37;18;16;16;78.71
37;14;15;3;15.3
37;30;20;7;21.8
37;22;10;8;32.92
